peptide,length,score
LLWEIFTLDGSPYPGVP,17,0.36463
FVSKFFEHYPIPQEEAS,17,0.27951
EGDAAETPSRPRTPGRP,17,0.22427
VENAVGSIHYNYLLDVL,17,0.11857
IQQMRNKFTFREAINKL,17,0.06542
VPPFKPQVISETDTRYF,17,0.02426
GQRNNSMFFKRPREHIS,17,-0.0208
CLGSVLPYEATSTLLAG,17,-0.08731
SLAETALTFGSSPSAPA,17,-0.09884
ENTLKALPSAQEPDEIL,17,-0.15802
TTAIQTVANGLKKQEEE,17,-0.22022
IPDPKAGIIIKSVKRAY,17,-0.22142
GLKCVQFLLQVMPTFLN,17,-0.22999
GIAPGPEPYGLTNKKLE,17,-0.23094
VQGLNLRSSNNFLSYYR,17,-0.35947
WSWRRIPSKEASQMDLL,17,-0.36928
SASSALAGGQPSSTAFI,17,-0.39661
HWSLVMESMVPSDRGTY,17,-0.44036
DGSDSSKNNTVCIHKDE,17,-0.55967
AASAGKAGEKPSQSPSQ,17,-0.77918
