peptide,length,score
PRELCFPEIRPSFRIRE,17,0.48292
RRLFMHHVFLEPITCVP,17,0.38106
VPHCDTLHVLIRDYREK,17,0.36605
KRGEGLLPIRWMAPESL,17,0.35255
LDDGEIKEGTSFAENDI,17,0.31945
AATAPGAGYYEDTILKS,17,0.28489
IKTLWEDPSIQECYDRR,17,0.27162
IMRHSFFSEVNWQDVYD,17,0.24301
DQQYECVAKIGEGAYGK,17,0.21859
MGLLTNLAGRELVHMIN,17,0.21435
FRLRHFPCENVNYGYQQ,17,0.21328
RIGRFANYFRNLLPSND,17,0.18794
KNEEDKLKNWEGGLDEQ,17,0.16373
RGNLGLEGNCTVPPNVA,17,0.15606
LPSETDGYIAPLTCSPQ,17,0.1229
VNMGNLPLNEFYPAVSM,17,0.10421
LHLVSRQPMELEVAWTP,17,0.10349
VKDSGDYEYAARQATRE,17,0.09926
DDWLEWLRQLSLELLKD,17,0.06974
MDEGGGYPKPPGAAGGA,17,0.04293
VENAVGSICYNYLLDVL,17,0.03457
IKKIMERDNTAAKTLVL,17,0.01142
TSSGAGSPVVAVPTHSQ,17,-0.00532
TVCIHKDEMDLLFTDQH,17,-0.0124
KLRTSTIMIDYNPNYCF,17,-0.01905
CSQCLSAPLFVQCGWCH,17,-0.07101
PLQRYSEDLTVPLPSET,17,-0.07708
GELKDDDFKRISELGAG,17,-0.09438
VQNCLWTLKNLSDAATK,17,-0.09852
FPLALAGPSPPPPPPHP,17,-0.11993
SCSRRFYQFTKLLDSVQ,17,-0.12804
SGGSRNSSFLDHPDERA,17,-0.15245
GGWLIPSNNGKAGKEEF,17,-0.16006
TAPFASSIESHNMTLRW,17,-0.19228
LHLTDPSQHLVQNCLWT,17,-0.21653
PTRPFSEALMMGLLTNL,17,-0.21792
PFCPEPSPLQDPFLPSA,17,-0.22912
RETSIEMEKSELDAQYL,17,-0.32616
RSCGTKYEIPIKKKELN,17,-0.35828
TQPDPKDSYSCLTAAEV,17,-0.40343
FVSPAAQKVFQPPRSCG,17,-0.41406
SVFSHDPLLLGSSSFPF,17,-0.47118
IFRDQSLSYHHTMVVQA,17,-0.47446
AGKAGGKPLQSPSQEAA,17,-0.64371
FPVSYSSSSARRPSLDS,17,-0.8251
