peptide,length,score
HPFTEYIFQVVWIFTAQ,17,0.89328
SNIITEIHPRDRSTVEG,17,0.5539
STGGQTVRYTAEGTPLP,17,0.2842
AAARPARGLELPLLGLL,17,0.24146
WNEWLNYDMYIPDLPRA,17,0.23253
AWTRGLEHWGKLDGNQD,17,0.22414
GMMYLEERQLVHRDLAA,17,0.20676
FRRNILNVYKEAVDLRD,17,0.16695
LDILDTAGREEYSAMRD,17,0.16211
VGTGNQLVIFQGQPERD,17,0.1123
RADLPVPSDRCAEAVRI,17,0.11055
TREWVLDSIALYQCQEL,17,0.09578
GVENSEIYNYLRQGNRL,17,0.06197
VEPYRKYPILLEVLLNF,17,0.0408
CKVYSDAQLHIQWLKHI,17,-0.12486
CLASESSERHVTGSEAE,17,-0.13644
MRSSSEHCILAVSVHRH,17,-0.17237
ELKVLSYLDNHMNIVNL,17,-0.18892
NPNKELKPRENSPRQTP,17,-0.40986
KVSMCRSRCRSRSPRPR,17,-0.59034
