peptide,length,score
NRDDRIHGVLLILNELV,17,0.48335
LPSAPAPVVWAHGRRQG,17,0.42559
GLPLEAATVPGAGHYED,17,0.41607
SSEGHVTGFEAELQEKV,17,0.39486
WIHCFENVISIMFLVAL,17,0.29001
LDSTEALCFAISRNSEQ,17,0.14145
NQMTILKTISEECRDAD,17,0.12996
YVVTDHGSYVRACGADS,17,0.12794
GNSIGLSHYSAWLTVLE,17,0.11602
SDTKGDVFMWLLNGTDI,17,0.09882
ERGCVPEPEAAVAASKG,17,0.09606
SCVRACGANSYEMEEDG,17,0.06939
ERGCVPEPRAAVAASKG,17,0.04896
TRTSRRAAKHRDTTDVP,17,0.03381
LCELAQDKKAAEAIEAE,17,-0.00732
SPEPLVLHKETPPTTSS,17,-0.05222
TSEMLVNMRNLPLDEFY,17,-0.10662
QFLPQVMPMFLNVIRVC,17,-0.10998
KSDISLNINKIPEKNND,17,-0.11972
DKRIKVAKLVVEMDGDE,17,-0.13244
FFCPDPAPSAGGMVHHR,17,-0.1335
GWTQGTLSLHTPQWQVR,17,-0.13529
TLVREIRQYKLRKLNPP,17,-0.1762
NFEEHSMSLEREMGNEN,17,-0.17991
ILFVNDTKVLRRPKCAE,17,-0.1836
PAGATLERAKTLSPGKN,17,-0.18857
LCLAISRNFEQMASHSA,17,-0.21092
VLKKAGRISEQILGKVS,17,-0.21948
QKDLSIPLFIKTSSGAG,17,-0.25103
RCPRPVSLYPMPRGCLA,17,-0.2599
STESSPQGNPEPLVLHE,17,-0.27847
APSLQVITFKQRPRKLT,17,-0.27902
QLTLSGLNRAQMEKIPL,17,-0.33872
WSLVMESVMPSDRGTYT,17,-0.36486
GLKCVQFLSQVMPTFLN,17,-0.38029
VDKNGLKMYEPCGGLCP,17,-0.38067
GRLRIRLMSEKKASEVG,17,-0.44593
VVSVEKRQTPGKRSESG,17,-0.45455
LSLLGPTFSGLSSCSAD,17,-0.46937
ETEFKKIKMLGSGAFGT,17,-0.47157
ETELRKLKMLGSGVFGT,17,-0.4785
TFGKVILVQEKASGKYY,17,-0.50736
NEYMDMKPRVSYVVPTK,17,-0.52982
PTGYLVLDKEQQPSQPQ,17,-0.56139
KVSMCRSRCRSRSPRPR,17,-0.59034
LKKPVLPAPPKPQSAKP,17,-0.62837
CHGNTSNKKQLTATKTE,17,-0.71559
SVAKGGKMMGSPDTVGM,17,-0.71642
