peptide,length,score
LLWEIFTLGGSPYPGVP,17,0.37603
EGDAAETPPRPRTPGRP,17,0.37457
FVSKFFEHHPIPQEEAS,17,0.31461
VENAVGSIRYNYLLDVL,17,0.13747
IQQMRNKFAFREAINKL,17,0.06572
ENTLKALPPAQEPDEIL,17,-0.00772
WSWRRIPSEEASQMDLL,17,-0.06178
VPPFKPQVTSETDTRYF,17,-0.06754
CLGSVLPYGATSTLLAG,17,-0.15181
TTAIQTVADGLKKQEEE,17,-0.19232
GIAPGPEPHGLTNKKLE,17,-0.19584
VQGLNLRSPNNFLSYYR,17,-0.20917
HWSLVMESVVPSDRGTY,17,-0.22916
GLKCVQFLPQVMPTFLN,17,-0.22999
GQRNNSMFSKRPREHIS,17,-0.2959
SLAETALTSGSSPSAPA,17,-0.37394
SASSALAGDQPSSTAFI,17,-0.40801
IPDPKAGIMIKSVKRAY,17,-0.52202
DGSDSSKNDTVCIHKDE,17,-0.53177
AASAGKAGGKPSQSPSQ,17,-0.84368
