peptide,length,score
DQQYECVAEIGEGAYGK,17,0.52609
IKTLWEDPGIQECYDRR,17,0.46572
PRELCFPETRPSFRIRE,17,0.39112
VPHCDTLHALIRDYREK,17,0.36395
MDEGGGYPEPPGAAGGA,17,0.35043
AATAPGAGHYEDTILKS,17,0.31999
LHLVSRQPTELEVAWTP,17,0.31229
LDDGEIKEDTSFAENDI,17,0.30805
KRGEGLLPVRWMAPESL,17,0.26315
DDWLEWLRRLSLELLKD,17,0.23294
GELKDDDFERISELGAG,17,0.21312
MGLLTNLADRELVHMIN,17,0.20295
TVCIHKDETDLLFTDQH,17,0.1964
KNEEDKLKDWEGGLDEQ,17,0.19163
IMRHSFFSGVNWQDVYD,17,0.17851
VQNCLWTLRNLSDAATK,17,0.16188
FRLRHFPCGNVNYGYQQ,17,0.14878
VENAVGSIRYNYLLDVL,17,0.13747
VNMGNLPLDEFYPAVSM,17,0.13211
RRLFMHHVSLEPITCVP,17,0.10596
RIGRFANYLRNLLPSND,17,0.06314
VKDSGDYECAARQATRE,17,0.05036
IKKIMERDDTAAKTLVL,17,0.03932
LPSETDGYVAPLTCSPQ,17,0.0335
FPLALAGPPPPPPPPHP,17,0.03037
RGNLGLEGSCTVPPNVA,17,0.00126
TSSGAGSPAVAVPTHSQ,17,-0.00742
RETSIEMEESELDAQYL,17,-0.01866
CSQCLSAPPFVQCGWCH,17,-0.07101
PLQRYSEDPTVPLPSET,17,-0.07708
KLRTSTIMTDYNPNYCF,17,-0.11085
GGWLIPSNDGKAGKEEF,17,-0.13216
LHLTDPSQRLVQNCLWT,17,-0.19763
PFCPEPSPPQDPFLPSA,17,-0.22912
SCSRRFYQLTKLLDSVQ,17,-0.25284
TAPFASSIGSHNMTLRW,17,-0.25678
PTRPFSEASMMGLLTNL,17,-0.36822
FVSPAAQKAFQPPRSCG,17,-0.41616
SGGSRNSSSLDHPDERA,17,-0.42755
IFRDQSLSHHHTMVVQA,17,-0.43936
RSCGTKYETPIKKKELN,17,-0.45008
TQPDPKDSCSCLTAAEV,17,-0.45233
SVFSHDPLPLGSSSFPF,17,-0.47118
FPVSYSSSGARRPSLDS,17,-0.631
AGKAGGKPSQSPSQEAA,17,-0.79401
