peptide,length,score
HPFTEYIFRVVWIFTAQ,17,1.05648
WNEWLNYDIYIPDLPRA,17,0.53313
SNIITEIHSRDRSTVEG,17,0.4036
GMMYLEERRLVHRDLAA,17,0.36996
AAARPARGPELPLLGLL,17,0.24146
STGGQTVRCTAEGTPLP,17,0.2353
RADLPVPSGRCAEAVRI,17,0.12195
FRRNILNVCKEAVDLRD,17,0.11805
GVENSEIYDYLRQGNRL,17,0.08987
AWTRGLEHRGKLDGNQD,17,0.05884
VGTGNQLVTFQGQPERD,17,0.0205
TREWVLDSVALYQCQEL,17,0.00638
LDILDTAGQEEYSAMRD,17,-0.00109
VEPYRKYPTLLEVLLNF,17,-0.051
CKVYSDAQPHIQWLKHI,17,-0.12486
CLASESSEGHVTGSEAE,17,-0.15384
ELKVLSYLGNHMNIVNL,17,-0.17752
MRSSSEHCTLAVSVHRH,17,-0.26417
NPNKELKPGENSPRQTP,17,-0.42726
KVSMCRSRSRSRSPRPR,17,-0.69894
