peptide,length,score
NRDDRIHGALLILNELV,17,0.48125
LPSAPAPVAWAHGRRQG,17,0.42349
GLPLEAATAPGAGHYED,17,0.41397
TRTSRRAAEHRDTTDVP,17,0.34131
SDTKGDVFVWLLNGTDI,17,0.31002
LCELAQDKEAAEAIEAE,17,0.30018
SPEPLVLHEETPPTTSS,17,0.25528
WIHCFENVTSIMFLVAL,17,0.19821
GNSIGLSHHSAWLTVLE,17,0.15112
SSEGHVTGSEAELQEKV,17,0.11976
QFLPQVMPTFLNVIRVC,17,0.09882
SCVRACGADSYEMEEDG,17,0.09729
YVVTDHGSCVRACGADS,17,0.07904
FFCPDPAPGAGGMVHHR,17,0.0606
NQMTILKTTSEECRDAD,17,0.03816
ERGCVPEPGAAVAASKG,17,0.03156
ERGCVPEPGAAVAASKG,17,0.03156
LDSTEALCLAISRNSEQ,17,0.01665
VLKKAGRIPEQILGKVS,17,-0.06918
KSDISLNIDKIPEKNND,17,-0.09182
TSEMLVNMGNLPLDEFY,17,-0.12402
DKRIKVAKPVVEMDGDE,17,-0.13244
GWTQGTLSPHTPQWQVR,17,-0.13529
TLVREIRQHKLRKLNPP,17,-0.1411
WSLVMESVVPSDRGTYT,17,-0.15366
NFEEHSMSPEREMGNEN,17,-0.17991
ILFVNDTKALRRPKCAE,17,-0.1857
RCPRPVSLHPMPRGCLA,17,-0.2248
GLKCVQFLPQVMPTFLN,17,-0.22999
PAGATLERPKTLSPGKN,17,-0.23747
PTGYLVLDEEQQPSQPQ,17,-0.25389
ETEFKKIKVLGSGAFGT,17,-0.26037
ETELRKLKVLGSGVFGT,17,-0.2673
GRLRIRLMPEKKASEVG,17,-0.29563
LSLLGPTFPGLSSCSAD,17,-0.31907
TFGKVILVREKASGKYY,17,-0.34416
QLTLSGLNGAQMEKIPL,17,-0.35612
CHGNTSNKEQLTATKTE,17,-0.40809
VDKNGLKMCEPCGGLCP,17,-0.42957
STESSPQGSPEPLVLHE,17,-0.43327
VVSVEKRQAPGKRSESG,17,-0.45425
LCLAISRNSEQMASHSA,17,-0.48602
SVAKGGKMVGSPDTVGM,17,-0.50522
QKDLSIPLSIKTSSGAG,17,-0.52613
NEYMDMKPGVSYVVPTK,17,-0.54722
APSLQVITSKQRPRKLT,17,-0.55412
LKKPVLPATPKPQSAKP,17,-0.57977
KVSMCRSRSRSRSPRPR,17,-0.69894
